-- autogenerated test data

INSERT INTO regions (region_id, region_name)
VALUES
    (357675311, 'VB'),
    (570488600, 'PC'),
    (818323550, 'GF'),
    (439123309, 'CX'),
    (891926592, 'IC');-- autogenerated test data

INSERT INTO countries (country_id, country_name, region_id)
VALUES
    ('PM', 'Burundi', 570488600),
    ('LJ', 'Brunei Darussalam', 570488600),
    ('FS', 'Saint Pierre and Miquelon', 439123309),
    ('XM', 'Afghanistan', 570488600),
    ('SI', 'Malaysia', 818323550),
    ('SH', 'Sierra Leone', 570488600),
    ('LD', 'Vietnam', 357675311),
    ('DX', 'Svalbard & Jan Mayen Islands', 357675311),
    ('DA', 'Swaziland', 891926592),
    ('UV', 'Solomon Islands', 439123309);-- autogenerated test data

INSERT INTO locations (location_id, street_address, postal_code, city, state_province, country_id)
VALUES
    (842873674, '303 Berry Turnpike', 39500, 'Jonathanville', 'FW', 'LD'),
    (213029890, '36993 Kimberly Landing Apt. 267', 67385, 'Brianton', 'JJ', 'FS'),
    (419939866, '9027 Brandi Turnpike', 17319, 'Lorettatown', 'LU', 'XM'),
    (736554394, '105 Baldwin Ramp', 4955, 'Ericberg', 'LI', 'SI'),
    (104476371, '98838 Wendy Camp', 14190, 'Davidhaven', 'KM', 'PM'),
    (647084858, '6790 Davis Pines Suite 944', 12630, 'Petersonville', 'NK', 'FS'),
    (216293843, '6864 Jones Shores Apt. 666', 65059, 'Carlamouth', 'TN', 'PM'),
    (350090278, '0744 Alison Summit', 40953, 'Kristinamouth', 'ZA', 'XM'),
    (57689012, '984 Kenneth Lodge', 99168, 'West Mitchellshire', 'TU', 'SI'),
    (391349823, '38711 Jackson Summit', 63873, 'Perezberg', 'DD', 'SI'),
    (767642427, '6377 Margaret Spur', 55105, 'Harrisonmouth', 'HV', 'PM'),
    (455570573, '141 Jacobson Camp', 95083, 'Michaelmouth', 'SG', 'SI'),
    (151747427, '908 Ashlee Mountain', 10260, 'North Roberttown', 'AA', 'SI'),
    (608557750, '442 Jones Island', 8631, 'Ruizville', 'NS', 'FS'),
    (793190370, '0996 Brown Ranch Suite 186', 85946, 'Gibbsmouth', 'QD', 'DA'),
    (268615626, '1060 Noble Corners Apt. 510', 47382, 'West Sandra', 'UL', 'DA'),
    (234590192, '843 Tracy Lights', 14900, 'Matthewshire', 'VF', 'DA'),
    (90854024, '21636 Patrick Light Apt. 360', 93457, 'North Gregory', 'EZ', 'DX'),
    (190020009, '6069 Munoz Park', 12257, 'New Rickymouth', 'KX', 'XM'),
    (557728601, '3745 Kevin Circle', 51627, 'North Rebecca', 'BK', 'DX'),
    (465914850, '900 Charles Hollow', 97546, 'South Juliatown', 'OW', 'SH'),
    (799182510, '2420 John Parkways Apt. 814', 88521, 'Pamelatown', 'YD', 'XM'),
    (271232543, '71103 Jackson Trafficway Suite 705', 31636, 'Youngchester', 'AQ', 'PM'),
    (214252944, '3019 Sandoval Cove', 67683, 'West Gracefurt', 'HH', 'LJ'),
    (301632114, '48857 Williams Roads Suite 164', 80096, 'South Devonbury', 'SK', 'UV'),
    (410074237, '2557 Miles Lights Suite 718', 17158, 'Changmouth', 'TL', 'FS'),
    (16223395, '3894 Randolph Squares Apt. 514', 31041, 'West Phillip', 'DQ', 'XM'),
    (645120612, '013 Combs Glens Apt. 872', 69027, 'Lake Shelia', 'DJ', 'LJ'),
    (886126890, '0120 Bowen Shores', 70679, 'Mooreland', 'SK', 'DX'),
    (665284796, '529 Brown Meadows Suite 683', 10603, 'South Dustinmouth', 'VP', 'DX'),
    (913602988, '890 Melissa Shoals Apt. 130', 13861, 'Vincentchester', 'PZ', 'SH'),
    (844212336, '5262 Melissa Motorway Apt. 334', 29133, 'Lake Heather', 'LL', 'PM'),
    (532347246, '95855 Lauren Estates', 52502, 'Houstonburgh', 'KR', 'XM'),
    (168551256, '72518 Mitchell Haven Apt. 181', 60340, 'South Theresa', 'NB', 'DX'),
    (1311707, '0922 Christopher Mill', 60737, 'Burkeport', 'SM', 'FS'),
    (447746527, '89235 Deanna Turnpike Apt. 660', 9763, 'New Robertburgh', 'AW', 'FS'),
    (817104597, '73060 Sheri Falls', 31197, 'Hendersonside', 'UN', 'DX'),
    (795609385, '0003 Karen Streets', 3122, 'Jeremyfort', 'RZ', 'SI'),
    (567320304, '0668 Williams Drives', 44279, 'Lake Christopherbury', 'TN', 'PM'),
    (918874403, '06954 Weeks Tunnel', 51041, 'Port Erica', 'LK', 'SH'),
    (521776365, '048 John Throughway', 60492, 'Sullivanhaven', 'BY', 'DA'),
    (256695959, '82088 Megan Path', 45338, 'South Valerie', 'MF', 'LJ'),
    (270436808, '658 Smith Pine', 54049, 'New Megan', 'HW', 'XM'),
    (925466429, '20791 Jackson Terrace Apt. 436', 84548, 'Port Sandrashire', 'BO', 'PM'),
    (744559693, '3001 Lawrence Square', 33795, 'West Travisstad', 'TD', 'PM');-- autogenerated test data

INSERT INTO jobs (job_id, job_title, min_salary, max_salary)
VALUES
    (30608903, 'Accounting technician', 1347, NULL),
    (676378344, 'Industrial buyer', 1912, NULL),
    (123027196, 'Ship broker', 1486, NULL),
    (61857324, 'IT sales professional', 1833, 4500),
    (863915272, 'Barrister''s clerk', 1532, 8722),
    (542984304, 'Musician', 2073, NULL),
    (373392130, 'Landscape architect', 2028, 2308),
    (895199287, 'Theme park manager', 1414, 6272),
    (203357610, 'Surveyor, minerals', 1616, NULL),
    (844632191, 'Electrical engineer', 1526, 2072),
    (399860167, 'Midwife', 1794, 3655),
    (676550815, 'Designer, graphic', 1241, 5232),
    (551434508, 'Licensed conveyancer', 1855, NULL),
    (862645284, 'Scientific laboratory technician', 1445, NULL),
    (523258675, 'Housing manager/officer', 1536, NULL);-- autogenerated test data

INSERT INTO departments (department_id, department_name, location_id)
VALUES
    (744223654, 'WH-U-O', 455570573),
    (880662688, 'LZ-W-B', 104476371),
    (35675391, 'QX-L-J', 90854024),
    (531914958, 'QZ-S-T', 391349823),
    (320294713, 'CN-M-S', 918874403),
    (612882744, 'VL-Y-H', 214252944),
    (430545248, 'ZC-Q-B', 521776365),
    (803203359, 'BL-S-R', 57689012),
    (295929609, 'YQ-Y-U', 521776365),
    (172081864, 'VB-I-O', 90854024),
    (682568355, 'XM-I-R', 557728601),
    (810529232, 'LQ-Q-Q', 736554394),
    (21895595, 'EB-W-U', 842873674),
    (971510361, 'ZR-S-C', 271232543),
    (443073030, 'ZK-V-R', 647084858);-- autogenerated test data

INSERT INTO employees (employee_id, first_name, last_name, email, phone_number, hire_date, job_id, salary, manager_id, department_id)
VALUES
    (720950476, 'Michael', 'Bryant', 'guerralaura@example.org', '001-239-174-9533', '2020-01-19', 373392130, 1325, NULL, 971510361),
    (41001582, 'Steven', 'Owens', 'fwolfe@example.com', '972.993.4828', '2013-03-13', 895199287, 4518, NULL, 971510361),
    (429619888, 'Katrina', 'Hutchinson', 'ochoabilly@example.com', '001-357-336-4703x310', '2010-09-17', 373392130, 1120, NULL, 612882744),
    (809937423, 'Julie', 'Rojas', 'linda44@example.com', '9393338845', '2014-04-03', 30608903, 4343, NULL, 682568355),
    (78842137, 'Matthew', 'Hardy', 'michael19@example.org', '(231)655-1291', '2016-05-06', 61857324, 1853, NULL, 430545248),
    (444272476, 'Gene', 'Riley', 'cbernard@example.org', '(718)816-8822x04311', '2020-07-18', 863915272, 2535, NULL, 21895595),
    (335092014, 'Troy', 'Carson', 'regina61@example.net', '6704776614', '1994-04-07', 862645284, 2492, NULL, 430545248),
    (721685779, 'John', 'Snyder', 'jonessamuel@example.org', '444.316.5114x108', '2002-01-03', 863915272, 1544, NULL, 880662688),
    (357767032, 'Elizabeth', 'Jones', 'david62@example.com', '+1-623-291-8121x4942', '1993-11-01', 123027196, 6630, NULL, 21895595),
    (410656205, 'Tamara', 'Rangel', 'vedwards@example.net', '001-641-492-8347', '1994-11-30', 895199287, 4255, NULL, 320294713),
    (76905484, 'Shannon', 'Hernandez', 'rharris@example.org', '+1-764-183-1238', '1995-11-18', 203357610, 1002, NULL, 320294713),
    (248938265, 'Melinda', 'Sutton', 'christophermorgan@example.org', '241-206-5550x15993', '2014-01-09', 30608903, 2118, NULL, 682568355),
    (89625486, 'Andrew', 'Matthews', 'sandra14@example.org', '001-889-990-9882x032', '2006-10-24', 863915272, 5817, NULL, 971510361),
    (778550428, 'Susan', 'Miller', 'phillip96@example.com', '001-204-265-2967x331', '2000-07-30', 895199287, 4463, NULL, 803203359),
    (608911295, 'Paul', 'Henderson', 'jason20@example.org', '001-554-049-6261x860', '1994-04-15', 523258675, 1020, NULL, 810529232),
    (766637152, 'David', 'Williams', 'kjohnson@example.org', '972-182-7915x63444', '2006-10-31', 123027196, 6686, NULL, 810529232),
    (443394223, 'Mark', 'Ramos', 'poolejanet@example.org', '(033)345-8881', '2021-02-01', 895199287, 3472, NULL, 682568355),
    (597901126, 'Lauren', 'Young', 'markwalsh@example.org', '+1-968-328-3215x8171', '2010-06-19', 676378344, 3914, NULL, 803203359),
    (580250083, 'Robert', 'Elliott', 'veronica90@example.org', '868.506.1054x7562', '2006-09-30', 373392130, 2984, NULL, 744223654),
    (639062259, 'Taylor', 'Huber', 'gardnerphilip@example.com', '9342141293', '2005-11-21', 676550815, 2208, NULL, 810529232),
    (401176992, 'Brendan', 'Stevens', 'trevinonicholas@example.com', '(248)727-7581', '1999-05-15', 30608903, 2889, NULL, 612882744),
    (38123171, 'Sarah', 'Good', 'nnunez@example.org', '001-475-169-8457x140', '1996-10-28', 676378344, 2535, NULL, 320294713),
    (844479720, 'Kathleen', 'Campbell', 'samanthaharrison@example.org', '757.986.8515x51996', '1995-02-19', 399860167, 3711, NULL, 880662688),
    (268018192, 'Larry', 'Holmes', 'salazarlisa@example.net', '511-276-7121', '1999-06-22', 676378344, 3976, NULL, 430545248),
    (755563215, 'Joseph', 'Patterson', 'ariasashley@example.org', '+1-609-434-7539', '2012-05-17', 373392130, 3436, NULL, 612882744);-- autogenerated test data

INSERT INTO employees (employee_id, first_name, last_name, email, phone_number, hire_date, job_id, salary, manager_id, department_id)
VALUES
    (786001571, 'Hayley', 'Curtis', 'lindsaygomez@example.org', '(119)645-8697', '2012-06-14', 61857324, 3710, 444272476, 880662688),
    (812849586, 'Tammy', 'Proctor', 'ymorgan@example.net', '(460)609-8210', '2014-10-08', 373392130, 6805, 335092014, 612882744),
    (495428627, 'Mary', 'White', 'edwardstodd@example.org', '620-538-0610x808', '1997-01-30', 61857324, 1876, 766637152, 744223654),
    (852464247, 'Matthew', 'Gardner', 'craig79@example.net', '001-235-428-1871', '2001-08-29', 863915272, 7308, 248938265, 803203359),
    (276314654, 'Nicole', 'Berg', 'brian57@example.org', '030.159.3281x9235', '2013-05-28', 523258675, 4606, 721685779, 810529232),
    (260775481, 'Raymond', 'Wilson', 'melissa53@example.net', '5283904673', '1999-10-17', 895199287, 3701, 335092014, 172081864),
    (32713071, 'William', 'Gilbert', 'millerjames@example.net', '001-736-543-7645x535', '2007-07-09', 523258675, 1189, 608911295, 320294713),
    (21646059, 'David', 'Carrillo', 'brad06@example.org', '001-080-631-5306x849', '2005-07-22', 399860167, 5258, 580250083, 744223654),
    (809109789, 'Rachel', 'Miller', 'normashepard@example.com', '(300)442-4595x069', '1996-11-28', 551434508, 4694, 357767032, 810529232),
    (785968536, 'Colin', 'Norton', 'angelakoch@example.net', '039-151-5537x582', '2011-09-24', 399860167, 7354, 720950476, 21895595),
    (905369124, 'Scott', 'Murphy', 'richardbeard@example.org', '330.830.2249x4754', '2022-08-07', 30608903, 7059, 268018192, 803203359),
    (294403377, 'James', 'Hays', 'khanbarry@example.net', '001-340-093-2098x594', '2007-01-28', 551434508, 3716, 844479720, 612882744),
    (364224601, 'Sean', 'Price', 'eherring@example.net', '930-428-4199x463', '2017-11-07', 399860167, 6496, 809937423, 320294713),
    (190793590, 'David', 'Johnson', 'hallthomas@example.net', '(238)690-3861', '1996-10-27', 542984304, 4661, 429619888, 880662688),
    (596731842, 'Alex', 'Adams', 'justinmay@example.org', '694-259-1444x0248', '2022-10-23', 862645284, 5897, 720950476, 531914958),
    (185673929, 'Megan', 'Johnson', 'edwardstara@example.org', '343.583.9535', '2017-09-23', 61857324, 2092, 755563215, 744223654),
    (344938201, 'Joshua', 'Logan', 'raysergio@example.com', '001-741-172-9494x559', '2004-05-28', 542984304, 1577, 844479720, 531914958),
    (930774847, 'Mario', 'Hill', 'laustin@example.com', '(845)147-6273x17660', '2007-01-03', 399860167, 1527, 844479720, 320294713),
    (699358346, 'Amanda', 'Stone', 'tfisher@example.org', '001-974-406-2098x492', '2014-07-21', 551434508, 6974, 444272476, 810529232),
    (674840816, 'Cynthia', 'Taylor', 'diana03@example.net', '001-715-578-4226x001', '2005-08-31', 542984304, 4398, 268018192, 682568355),
    (424748984, 'Adam', 'Brown', 'robinmartin@example.com', '383.050.1405', '2022-06-17', 203357610, 4363, 38123171, 880662688),
    (734046980, 'Christina', 'Miller', 'farmerdillon@example.net', '412.296.1826x3489', '2021-12-06', 30608903, 7486, 357767032, 21895595),
    (837715268, 'Keith', 'Landry', 'robinsonshawn@example.net', '001-174-904-4087x797', '2010-10-12', 551434508, 3963, 78842137, 971510361),
    (975580539, 'Melissa', 'Bell', 'karawright@example.net', '3047678092', '2018-05-26', 123027196, 2646, 580250083, 810529232),
    (85228898, 'Holly', 'Pugh', 'melissa00@example.com', '+1-546-068-0102', '2001-01-02', 373392130, 6827, 410656205, 803203359),
    (370426993, 'Crystal', 'Simmons', 'zboyd@example.org', '586-420-0700x623', '2021-08-01', 676550815, 1994, 444272476, 320294713),
    (947979370, 'Tracey', 'Ewing', 'cory47@example.net', '467.892.5164x74063', '2008-01-09', 551434508, 6049, 809937423, 35675391),
    (250922954, 'Shelby', 'Wilson', 'josephserrano@example.net', '(232)490-6471x86011', '1994-01-05', 844632191, 2127, 766637152, 172081864),
    (410515861, 'Adam', 'Smith', 'kempkristine@example.com', '090.785.1177', '2011-10-27', 542984304, 5420, 357767032, 971510361),
    (357845361, 'Abigail', 'Arnold', 'kennethle@example.net', '725.781.9864x4621', '2003-10-13', 551434508, 3374, 268018192, 320294713),
    (73799077, 'Amanda', 'Day', 'juanherrera@example.net', '(915)758-1026x72863', '2006-11-23', 551434508, 2477, 248938265, 443073030),
    (589431889, 'Raymond', 'Petty', 'gdavies@example.com', '639.746.4781x526', '1993-11-07', 895199287, 2229, 357767032, 172081864),
    (489768459, 'Alejandro', 'Olson', 'amcguire@example.org', '+1-566-984-6423x0685', '2003-12-20', 399860167, 3938, 639062259, 320294713),
    (133864930, 'Bethany', 'Hensley', 'travis35@example.com', '788-448-8798', '2013-12-06', 844632191, 4501, 639062259, 803203359),
    (175327970, 'Spencer', 'Lowe', 'christopherfriedman@example.org', '846-916-6119', '2001-04-21', 123027196, 5608, 778550428, 35675391),
    (105605631, 'Jennifer', 'Miller', 'wilsonnatalie@example.net', '(729)124-3503x74604', '2008-02-09', 123027196, 1058, 597901126, 295929609),
    (162451888, 'Kimberly', 'Barrera', 'barronwilliam@example.org', '432.194.9841x66715', '1993-06-15', 862645284, 4445, 248938265, 810529232),
    (254840789, 'Hector', 'Carter', 'shawderrick@example.org', '(315)637-4820', '1997-02-18', 542984304, 5077, 335092014, 531914958),
    (822196315, 'Molly', 'Barber', 'jonathanmolina@example.com', '440-481-4059x96223', '2005-10-18', 523258675, 5201, 429619888, 682568355),
    (360240312, 'Nancy', 'Nelson', 'howelljoshua@example.com', '493-936-9280', '2007-12-07', 862645284, 6025, 38123171, 35675391),
    (569594291, 'Christina', 'Rose', 'wolfejill@example.com', '9063183643', '1993-02-05', 676378344, 7333, 41001582, 682568355),
    (934217578, 'Alexa', 'Escobar', 'tward@example.com', '121-000-4598', '1998-11-24', 203357610, 2773, 89625486, 744223654),
    (806576001, 'Jason', 'Roth', 'vanessa13@example.net', '001-148-511-5283x237', '1999-06-10', 30608903, 4525, 778550428, 880662688),
    (815855473, 'Jasmine', 'Gibbs', 'christophermurphy@example.net', '404-679-8258x19425', '2011-10-11', 30608903, 4437, 78842137, 744223654),
    (963110749, 'Michael', 'Robinson', 'justin13@example.org', '232-086-4128', '2005-10-11', 863915272, 2529, 443394223, 172081864),
    (325130289, 'Rodney', 'Nelson', 'hensonjohn@example.com', '002.776.3642', '2003-06-21', 203357610, 7300, 38123171, 295929609),
    (33722605, 'Vincent', 'Cowan', 'ryan09@example.net', '+1-865-942-4694x8754', '2020-10-30', 523258675, 4118, 597901126, 443073030),
    (713795584, 'Misty', 'Lee', 'kristen28@example.net', '497-882-8978', '2002-06-26', 551434508, 6256, 401176992, 35675391),
    (466263702, 'Calvin', 'Pitts', 'cwade@example.net', '+1-404-022-5455', '1994-01-18', 373392130, 2666, 639062259, 172081864),
    (958375374, 'Alicia', 'Rodriguez', 'griffinjonathon@example.org', '344-258-3682x4757', '2020-03-10', 862645284, 7450, 721685779, 810529232),
    (949640775, 'Stephen', 'Gray', 'crice@example.org', '587-587-1588x513', '2011-07-30', 862645284, 3717, 429619888, 443073030),
    (105514817, 'Rita', 'Perry', 'jeffreynunez@example.net', '001-986-338-6887x543', '2007-06-22', 523258675, 7186, 844479720, 682568355),
    (66466450, 'Tiffany', 'Lopez', 'conniemckee@example.com', '6061434740', '1993-05-01', 123027196, 2671, 580250083, 880662688),
    (180860073, 'Matthew', 'Chavez', 'qluna@example.net', '+1-550-107-8449x0140', '2018-04-12', 30608903, 2226, 809937423, 744223654),
    (259658200, 'Erica', 'Patel', 'pmiller@example.com', '+1-999-833-2119x9402', '1994-03-19', 844632191, 3061, 248938265, 803203359),
    (998240164, 'Melissa', 'Stewart', 'joseph35@example.net', '001-064-456-3527x728', '2022-11-30', 123027196, 6489, 809937423, 295929609),
    (651469774, 'Bradley', 'Foster', 'milleralyssa@example.com', '001-516-470-4382x454', '2021-09-30', 844632191, 5377, 76905484, 880662688),
    (468044845, 'Susan', 'Watson', 'justingonzalez@example.org', '+1-324-083-6334x7224', '2003-10-15', 373392130, 4978, 248938265, 295929609),
    (298316101, 'Julie', 'Black', 'dunlapdonna@example.net', '001-114-145-7266x698', '2009-06-02', 123027196, 5490, 444272476, 744223654),
    (163457060, 'Mark', 'Koch', 'bookergina@example.org', '(017)496-7990x351', '1997-06-06', 676378344, 2120, 778550428, 35675391),
    (977797868, 'Pamela', 'Montoya', 'hayden07@example.org', '(051)521-8135', '1997-02-10', 373392130, 4301, 268018192, 880662688),
    (116551392, 'Nathan', 'Adkins', 'dharris@example.com', '515.935.9989', '1993-10-09', 676550815, 1670, 78842137, 612882744),
    (34532717, 'Jeremy', 'Hart', 'anthony99@example.com', '001-622-287-0932x340', '2008-11-30', 123027196, 6931, 755563215, 612882744),
    (326566040, 'Jonathan', 'Ramirez', 'laurapark@example.org', '+1-482-237-0080', '2020-12-27', 399860167, 5830, 38123171, 172081864),
    (996995067, 'Jeffery', 'Wilson', 'isaacmitchell@example.net', '001-642-876-7523x144', '1995-02-03', 61857324, 2742, 76905484, 35675391),
    (865496277, 'Rachel', 'Fry', 'cheryl77@example.net', '209-241-9502x832', '2006-02-15', 895199287, 7136, 443394223, 810529232),
    (691331244, 'Anthony', 'James', 'cruzchristina@example.org', '+1-253-646-8716x144', '2007-02-11', 844632191, 6355, 38123171, 35675391),
    (175831567, 'Stanley', 'Bowen', 'aevans@example.org', '281-990-3740x8629', '1995-03-17', 551434508, 4379, 766637152, 880662688),
    (20324677, 'Mary', 'Lewis', 'miguel36@example.com', '132.413.4639', '2005-10-13', 676378344, 1477, 766637152, 744223654),
    (803012466, 'Kathleen', 'Richardson', 'marcus21@example.org', '570-566-1428x03230', '2001-07-25', 203357610, 5096, 401176992, 803203359),
    (399941887, 'Susan', 'Wells', 'ellisrichard@example.net', '+1-474-189-9159x7044', '2002-08-10', 895199287, 5003, 357767032, 443073030),
    (825646539, 'Holly', 'Murphy', 'robertsmary@example.com', '6629286628', '1997-05-08', 203357610, 3372, 608911295, 295929609),
    (859371260, 'Kenneth', 'Clark', 'qharris@example.org', '(691)598-1585', '1996-04-10', 862645284, 5906, 357767032, 320294713),
    (179441081, 'Adam', 'Baker', 'dscott@example.org', '342.136.8471', '1995-06-28', 844632191, 2873, 89625486, 35675391),
    (238773765, 'Jennifer', 'Hudson', 'victor52@example.net', '433-844-1310x6048', '2011-09-29', 61857324, 3121, 38123171, 612882744),
    (940180171, 'Sarah', 'Moss', 'hannah24@example.net', '527.524.6545x004', '1997-11-24', 551434508, 4590, 78842137, 810529232),
    (304652295, 'Ryan', 'Henderson', 'patriciasantos@example.net', '+1-555-673-8660x6597', '2020-12-23', 676550815, 6840, 580250083, 295929609),
    (498298861, 'Samantha', 'Spears', 'karinarubio@example.org', '+1-537-079-6224', '2015-12-20', 862645284, 1408, 443394223, 612882744),
    (227814413, 'Heather', 'Wallace', 'emiller@example.com', '001-970-123-4838', '2021-02-18', 863915272, 6338, 76905484, 612882744),
    (229835263, 'Adam', 'Lee', 'barnesjessica@example.org', '300-071-2703x3607', '2000-11-12', 676378344, 7142, 429619888, 443073030),
    (433070611, 'John', 'Dixon', 'frederickethan@example.net', '149.931.5753x17532', '1997-03-06', 862645284, 3478, 721685779, 35675391),
    (327924405, 'Jennifer', 'West', 'egreene@example.net', '+1-444-439-4465x6188', '1993-07-05', 551434508, 6870, 755563215, 880662688),
    (218587065, 'Sherry', 'Perry', 'dawsondavid@example.net', '(165)970-8417', '1995-04-18', 862645284, 6292, 443394223, 810529232),
    (859517115, 'Vincent', 'Floyd', 'walterskyle@example.net', '357.789.9776', '2017-01-27', 844632191, 1060, 720950476, 803203359),
    (857479974, 'Robert', 'Alvarado', 'katherine14@example.net', '001-540-396-3780x666', '2015-07-21', 123027196, 2170, 755563215, 430545248),
    (202871401, 'Chelsea', 'Blake', 'guerrerozachary@example.com', '+1-450-564-6443x9083', '1999-01-06', 30608903, 4248, 778550428, 682568355),
    (4860759, 'Dylan', 'Davis', 'laura90@example.com', '132-864-5330', '2020-06-04', 676378344, 4821, 78842137, 880662688),
    (753198740, 'Rebecca', 'Washington', 'tschwartz@example.org', '+1-545-844-0292x517', '2007-12-26', 542984304, 6082, 444272476, 172081864),
    (877913339, 'Brett', 'Mitchell', 'wilsonmichael@example.org', '447-728-5545', '1998-02-28', 551434508, 2256, 401176992, 21895595),
    (642139024, 'Sarah', 'Mayo', 'lindabarajas@example.com', '636.823.3553x0652', '1998-12-25', 203357610, 2291, 809937423, 744223654),
    (557118376, 'Stacy', 'Mcclain', 'terrykeith@example.com', '(636)075-9425', '2018-06-25', 399860167, 3605, 778550428, 172081864),
    (515011365, 'Parker', 'Watkins', 'pearsonamanda@example.org', '+1-175-518-1337x2573', '2004-03-10', 542984304, 2520, 720950476, 803203359),
    (339978521, 'Cody', 'Garcia', 'shane68@example.net', '734-448-5386', '2014-12-04', 863915272, 1603, 766637152, 682568355),
    (503134882, 'Barry', 'Robinson', 'kendradudley@example.org', '001-231-310-4798x024', '2007-02-18', 123027196, 3042, 41001582, 810529232),
    (285644501, 'Dawn', 'Taylor', 'audrey21@example.net', '(120)415-7468', '1996-06-16', 203357610, 1516, 720950476, 35675391),
    (905248784, 'Anthony', 'Moreno', 'williamskaylee@example.com', '(223)954-3021x5664', '2015-01-05', 551434508, 1455, 78842137, 744223654),
    (780362659, 'Ryan', 'Reyes', 'katrina78@example.net', '825.066.0197x825', '2005-03-21', 676550815, 6348, 41001582, 531914958),
    (369972359, 'Laura', 'Perez', 'amymiller@example.net', '+1-060-192-8799x214', '2006-12-18', 203357610, 1417, 89625486, 744223654),
    (620382178, 'Savannah', 'Hunt', 'donvang@example.net', '001-315-923-2618x274', '2004-08-28', 551434508, 5373, 639062259, 803203359),
    (769531512, 'Mark', 'Moore', 'daniel48@example.net', '5393524218', '2007-04-23', 61857324, 1984, 38123171, 21895595),
    (46558436, 'Jessica', 'Jones', 'patricia65@example.com', '289-696-2953', '2022-10-14', 895199287, 1818, 755563215, 682568355),
    (129870860, 'Elizabeth', 'Guzman', 'oscarhodge@example.com', '+1-328-856-7608', '1993-08-06', 373392130, 3394, 809937423, 744223654),
    (906147091, 'Ashley', 'Matthews', 'swu@example.org', '(258)140-4016', '2019-12-22', 523258675, 5261, 608911295, 430545248),
    (822760402, 'Scott', 'Gallegos', 'howardlawrence@example.net', '+1-239-868-2286x9263', '2015-05-21', 844632191, 1463, 41001582, 810529232),
    (128798144, 'Amber', 'Bryant', 'michaelstewart@example.org', '7564059327', '1993-03-09', 676550815, 4744, 89625486, 971510361),
    (783049835, 'Joseph', 'Williams', 'dakotaallen@example.net', '(160)390-2380', '1997-10-06', 542984304, 4294, 443394223, 744223654),
    (498355131, 'Jennifer', 'Eaton', 'isanchez@example.com', '715.717.6907', '2022-09-14', 895199287, 6480, 76905484, 320294713),
    (321888602, 'Joel', 'Dennis', 'vangrebecca@example.net', '+1-441-272-7904x6722', '2000-02-11', 844632191, 3057, 720950476, 612882744),
    (283082330, 'April', 'Ramos', 'brian85@example.net', '(999)720-5641', '2009-05-02', 863915272, 6001, 78842137, 803203359),
    (570001763, 'John', 'Logan', 'christopherthompson@example.net', '(954)583-2124x20989', '1995-09-06', 373392130, 2738, 248938265, 430545248),
    (611581926, 'Jessica', 'Lam', 'chad69@example.net', '8102527770', '2013-02-23', 676550815, 5140, 357767032, 682568355),
    (177520646, 'Jocelyn', 'Ramirez', 'michael14@example.com', '(312)599-2462x53685', '2011-07-28', 123027196, 1827, 755563215, 443073030),
    (909217675, 'Michelle', 'Bentley', 'qhouse@example.net', '165.422.4326', '2018-12-04', 844632191, 1965, 248938265, 612882744),
    (773523332, 'Steven', 'Cooley', 'dominguezleah@example.com', '0175541869', '1999-08-20', 676378344, 4981, 580250083, 612882744),
    (930387082, 'Lisa', 'Moreno', 'velazquezblake@example.org', '105-347-3240x7953', '2010-07-02', 863915272, 3426, 766637152, 744223654),
    (164843503, 'Katherine', 'Fisher', 'william52@example.org', '001-425-501-2434x644', '1994-09-30', 863915272, 1629, 78842137, 612882744),
    (415293610, 'Blake', 'Harrison', 'sarah35@example.net', '(284)618-4415', '1999-07-08', 203357610, 4801, 38123171, 810529232),
    (822044549, 'Chelsea', 'Thomas', 'uwilson@example.org', '(683)746-5171x849', '2018-08-06', 895199287, 5562, 809937423, 612882744),
    (250885125, 'Anna', 'Murray', 'matthewduran@example.org', '001-899-013-3333x095', '1999-01-17', 863915272, 1528, 78842137, 612882744),
    (685750863, 'Sydney', 'Valencia', 'kathleenclark@example.org', '(877)254-8267x918', '2007-01-03', 523258675, 5392, 248938265, 880662688),
    (652615922, 'Laura', 'Brown', 'avazquez@example.org', '3679002042', '2015-03-24', 203357610, 1959, 268018192, 880662688),
    (64950703, 'Edgar', 'Wilson', 'davismary@example.net', '066.092.9301', '2009-12-22', 844632191, 4041, 268018192, 612882744),
    (668413763, 'Philip', 'Oliver', 'rlyons@example.org', '+1-748-157-3287x313', '2018-07-07', 862645284, 5050, 443394223, 295929609),
    (508963280, 'Ricky', 'Duncan', 'joanna25@example.com', '(240)277-4167x9611', '2010-07-31', 123027196, 2786, 248938265, 971510361),
    (316269597, 'Thomas', 'Clark', 'usmith@example.net', '367.141.5912x1640', '2010-08-12', 542984304, 1795, 639062259, 612882744),
    (593091771, 'Frank', 'Martin', 'deborahestes@example.com', '+1-364-572-2420x3311', '2000-07-10', 862645284, 7371, 721685779, 803203359),
    (252540059, 'Pamela', 'Smith', 'oallen@example.net', '368-856-8689', '2015-12-19', 203357610, 3869, 76905484, 810529232),
    (354469619, 'Nicholas', 'Lewis', 'ferrellbradley@example.org', '922-224-0307', '2015-11-02', 844632191, 2784, 639062259, 35675391),
    (444810256, 'Derek', 'Collier', 'paulbenson@example.net', '+1-035-673-2456x0843', '2002-11-16', 551434508, 2270, 248938265, 21895595),
    (388627490, 'Christopher', 'Mendez', 'johnbean@example.net', '(850)245-8506', '1998-05-19', 123027196, 3684, 597901126, 971510361),
    (408444414, 'Gabrielle', 'Ramsey', 'rubenturner@example.net', '211.449.8284x17962', '2020-07-01', 123027196, 1344, 721685779, 971510361),
    (530873503, 'Jason', 'Butler', 'wreyes@example.org', '025.912.3635x6348', '2008-05-30', 399860167, 2862, 721685779, 21895595),
    (917522656, 'Ashley', 'Johnson', 'kthompson@example.net', '001-378-336-8661', '1998-12-02', 895199287, 2194, 248938265, 295929609),
    (442306297, 'John', 'Black', 'tyler42@example.org', '492-628-6171x5611', '2005-06-02', 844632191, 5309, 721685779, 682568355),
    (310350565, 'Kevin', 'Glenn', 'knewman@example.org', '001-252-446-2676x259', '2015-12-06', 523258675, 3559, 720950476, 682568355),
    (859796968, 'Stephen', 'Fowler', 'janderson@example.com', '+1-943-601-0967x849', '1995-05-14', 862645284, 5877, 76905484, 430545248),
    (585285124, 'Taylor', 'Taylor', 'dominique73@example.net', '418-263-3655x0856', '2020-07-31', 61857324, 3482, 357767032, 320294713),
    (794932011, 'Terri', 'Martinez', 'qmejia@example.com', '947.254.0104', '2001-08-13', 399860167, 1140, 429619888, 35675391),
    (783982399, 'Nicholas', 'Maxwell', 'garciakevin@example.net', '290.459.2969x806', '1995-04-16', 123027196, 6803, 844479720, 35675391),
    (178597714, 'Haley', 'Valdez', 'scottkramer@example.org', '945-559-1485x59972', '1998-07-31', 542984304, 4216, 248938265, 443073030),
    (101814204, 'Patrick', 'Johnson', 'erikascott@example.org', '+1-398-790-4125x344', '2000-08-04', 862645284, 3762, 721685779, 810529232),
    (247776938, 'Christopher', 'Casey', 'michelle85@example.net', '(050)153-5288x716', '2003-04-24', 551434508, 3082, 335092014, 443073030),
    (683405951, 'Christine', 'Poole', 'terrianderson@example.net', '5874691669', '1996-07-14', 373392130, 5280, 608911295, 531914958),
    (854500729, 'Diana', 'Martin', 'kgilmore@example.net', '939-366-5151', '2006-09-07', 895199287, 4352, 78842137, 612882744),
    (721868898, 'Jeremiah', 'Schultz', 'gonzalezjillian@example.com', '8462780774', '2021-05-09', 399860167, 4070, 766637152, 682568355),
    (707684434, 'Eric', 'Vincent', 'danielleperez@example.org', '300-521-3035x06706', '1995-04-30', 523258675, 2878, 639062259, 531914958),
    (803178170, 'Patricia', 'Sanchez', 'lovelisa@example.org', '102-715-4696', '2001-07-11', 862645284, 6386, 335092014, 810529232),
    (440151512, 'Monica', 'Martin', 'rodriguezandrea@example.org', '(492)059-2458', '2003-09-17', 399860167, 1388, 335092014, 35675391),
    (14514003, 'Vanessa', 'Patterson', 'alee@example.org', '001-044-158-2753x891', '2000-03-24', 676378344, 7100, 809937423, 172081864),
    (697784150, 'Michelle', 'Turner', 'michellelopez@example.net', '001-161-128-1757', '1996-08-02', 895199287, 3649, 766637152, 880662688);-- autogenerated test data

INSERT INTO dependents (dependent_id, first_name, last_name, relationship, employee_id)
VALUES
    (142357234, 'Bridget', 'Guzman', 'wife', 498355131),
    (289510685, 'Jessica', 'Rivera', 'wife', 854500729),
    (225235341, 'David', 'Alexander', 'brother', 794932011),
    (767789954, 'Edward', 'Patterson', 'daughter', 998240164),
    (912870399, 'Jamie', 'Taylor', 'brother', 178597714),
    (295113952, 'Ashley', 'Hardy', 'son', 370426993),
    (208536394, 'Joseph', 'Brown', 'daughter', 877913339),
    (760065366, 'Jason', 'Brown', 'wife', 852464247),
    (554529757, 'Christine', 'Page', 'husband', 652615922),
    (722024608, 'Shane', 'Vargas', 'son', 620382178),
    (822050559, 'Kayla', 'Castillo', 'daughter', 905248784),
    (948530308, 'Samuel', 'Hutchinson', 'daughter', 611581926),
    (288332314, 'Jeffrey', 'Sherman', 'brother', 466263702),
    (225643644, 'Dorothy', 'Moore', 'wife', 354469619),
    (542646912, 'Loretta', 'Davis', 'wife', 254840789),
    (169979572, 'Benjamin', 'Li', 'son', 254840789),
    (14238727, 'Daniel', 'Schneider', 'brother', 468044845),
    (534412297, 'Wesley', 'Dennis', 'brother', 815855473),
    (159090890, 'Anthony', 'Mclaughlin', 'wife', 175327970),
    (335388986, 'Christina', 'Melendez', 'son', 21646059),
    (989508148, 'Heather', 'Mason', 'son', 415293610),
    (432603707, 'Jonathan', 'James', 'brother', 909217675),
    (876376052, 'Bailey', 'Perry', 'husband', 46558436),
    (560149456, 'Nicole', 'Parker', 'sister', 713795584),
    (44525454, 'Jennifer', 'Taylor', 'husband', 252540059),
    (619458833, 'Tammy', 'Johnson', 'brother', 934217578),
    (826052898, 'Wendy', 'Mathews', 'son', 837715268),
    (637157575, 'Paul', 'Maddox', 'wife', 859371260),
    (813473429, 'Matthew', 'Mercer', 'sister', 444810256),
    (123138202, 'Daniel', 'Jordan', 'daughter', 909217675),
    (530502852, 'Christopher', 'Cardenas', 'wife', 163457060),
    (923673038, 'Matthew', 'Eaton', 'brother', 593091771),
    (522489209, 'Adam', 'White', 'daughter', 344938201),
    (185776232, 'Tiffany', 'Jenkins', 'husband', 837715268),
    (257782904, 'James', 'Torres', 'husband', 370426993);